discount_price,name,original_price,stock
57680.0,Samsung Galaxy A03 Core Android 11 - 6.5 Inches Screen Display - 2GB RAM/ 32GB Internal Storage - 5000mAh- 4G LTE - Onyx Black,94740.0,Add to cart
78300.0,Infinix Hot 30i 6.6 HD 4GB RAM 128GB ROM Android 12 BLACK,86300.0,Add to cart
69000.0,Infinix HOT 20i- (X665C) 6.6 2GB/64GB 4G - Blue,80000.0,Add to cart
49990.0,"Oppo Refurbished A3S 6.2 HD+   4GB+64GB , 4230mAH Blue",98020.0,Add to cart
128000.0,"Samsung Galaxy A14 - 6.6 (4GB RAM, 128GB ROM) Android 13 (50/5/2)MP + 13MP Selfie - Dual Sim - 5000mAh - Fingerprint - Face ID - Black",146000.0,Add to cart
103340.0,"XIAOMI Redmi 10C, 6.53-inch 4GB RAM, 128GB ROM - 5000mAh-Grey",142948.0,Add to cart
52530.0,"XIAOMI A1 Plus, 6.52 4G LTE, 2GB/32GB Memory, 	Fingerprint, Face ID Recognition, Dual 8 MP, F/2.0, (wide)0.08 MP  Camera - Black",61000.0,Add to cart
57680.0,"Samsung Galaxy A03 Core, 6.5, 32GB ROM, 2GB RAM, Dual SIM, 4G LTE, Facial Recognition, 5000mAh - Mint",65000.0,Add to cart
120000.0,Samsung Galaxy A14 - 6.6 4GB/64GB Android 13 5000mAh - Black,138000.0,Add to cart
66560.0,"Tecno Pop 7 Pro，6.6, 4GB RAM + 64GB ROM, 5000mAh-Black",72900.0,Add to cart
68000.0,"Samsung Galaxy A03 Core, 6.5, 32GB ROM, 2GB RAM, Dual SIM, 4G LTE, Facial Recognition, 5000mAh - Bronze",73500.0,Add to cart
46710.0,"itel A60 6.6 HD+ Screen, 2GB RAM + 32GB ROM, 5000mAh, 4G LTE, 8MP + 5MP Camera, Fingerprint &amp; Face Unlock - Blue +Free Case",70000.0,Add to cart
185000.0,"Samsung Galaxy S10 Plus  6.4-Inch  (8GB,128GB ROM)  4G Smartphone",203000.0,Add to cart
48350.0,"itel A60 6.6 HD+, 2GB RAM + 32GB ROM, 5000mAh, 4G LTE, 8MP + 5MP",70000.0,Add to cart
126990.0,"Tecno Camon 19 (CI6) 6.8 FHD+, 128GB ROM + 4GB RAM, 64MP Rear + 16MP Front, 5000mAh + 18W Fast Charge, Android 12, 4G - Black",180000.0,Add to cart
89124.0,"XIAOMI Poco C40, 4GB/64GB Memory, 6000MAh Battery, Fingerprint (rear-mounted), Accelerometer - Poco Yellow",165000.0,Add to cart
111600.0,"Samsung Galaxy A14 - 6.6 (4GB RAM, 64GB ROM) Android 13 (50/5/2)MP + 13MP Selfie - Dual Sim - 5000mAh - Fingerprint - Face ID - Light Green",119000.0,Add to cart
135000.0,XIAOMI Redmi Note 12 Onyx Gray 6GB RAM 128GB ROM,350000.0,Add to cart
154500.0,XIAOMI Note 11s - 6.43Amoled - 6GB RAM - 128GB ROM - Dual SIM  - Graphite Gray,179000.0,Add to cart
94245.0,"Samsung Galaxy A04s, 4GB/64GB Memory - Black",130770.0,Add to cart
83000.0,Samsung Galaxy A04e 6.5'' 3GB 64GB ROM Android12 Dual SIM Light-Blue,88500.0,Add to cart
164800.0,"XIAOMI Redmi Note 11s - 6.43 Amoled - 8GB RAM - 128GB ROM - Dual SIM - 4G LTE - Fingerprint, Face ID Recognition - 5000mAh - Graphite Gray",210000.0,Add to cart
37500.0,"itel A33 Plus 5.0 Screen, 32GB ROM + 1GB RAM, 3020mAh",45000.0,Add to cart
73800.0,Infinix Hot 20i 6.6' HD 3GB/64GB Android 12 - Green,95000.0,Add to cart
59500.0,Infinix Smart 6-32GB /2GB RAM-6.6'' HD+ -5000mAh-8mp/8mp-3G-black,75000.0,Add to cart
67200.0,"Tecno Spark 8C 64GB/2GB,6.6 HD+,13MP+8MP,5000mAh-Black",78900.0,Add to cart
56990.0,"itel S18 6.6, 64GB ROM + 2GB RAM (UpTo 4GB), 5000mAh, 4G - Green",80000.0,Add to cart
76220.0,"XIAOMI Redmi 10A, 3GB/64GB Memory - Blue",97000.0,Add to cart
84990.0,"Tecno Spark 10C (KI5k) 6.6, 128GB + Up To 8GB RAM, 16MP, 5000mAh",170000.0,Add to cart
126990.0,"Tecno Camon 19 (CI6) 6.8 FHD+, 128GB ROM + 4GB RAM, 64MP Rear + 16MP Front, 5000mAh + 18W Fast Charge, Android 12, 4G - White",180000.0,Add to cart
55990.0,Samsung Galaxy A03 Core - 6.5 (2GB/32GB ROM) Android 11 - 8MP/5MP Camera - 5000mAh - Dual Sim - 4G LTE - Onyx,85000.0,Add to cart
94245.0,"Samsung Galaxy A04s, 4GB/64GB Memory - Copper",130770.0,Add to cart
81822.0,XIAOMI POCO C40 4GB 64GB  6000mAh 6.71” Display JLQ JR510,162308.0,Add to cart
71990.0,"Tecno Pop 7 Pro (BF7) 6.6, 4GB/64GB(UpTo 7GB RAM), 5000mAh Type-C",90000.0,Add to cart
71400.0,Infinix Smart 7 Plus 4GB RAM 64GB ROM 6000mAh,79000.0,Add to cart
40070.0,"Tecno Pop 5 Go Bd1 - 5.71,16GB ROM 1GB RAM- 4000mAh- Mist  Copper",52000.0,Add to cart
129990.0,"Infinix Note 12i (X6819) 6.82 90Hz HD+, 4GB RAM (Up To 7GB) + 128GB ROM, 50MP Rear, 5000mAh, Helio G85, Android 12, 4G - Black",140000.0,Add to cart
202000.0,Tecno Camon 19 Pro - 6.8 - 256GB ROM - 8GB RAM - 4G Dual SIM - Fingerprint - 5000mAh-Mondrian(Tiwa Savage Signature),250000.0,Add to cart
208990.0,"Infinix Note 12 PRO 5G (X671B) 6.7 FHD+, 128GB ROM +8GB RAM, 108MP",300000.0,Add to cart
193630.0,XIAOMI Redmi Note 11 Pro - 6.67 - 6GB RAM - 128GB ROM - Dual SIM- 4G LTE- Fingerprint Face ID Recognition - 5000mAh - Graphite Gray,220000.0,Add to cart
18989.0,Oraimo 27000mAh Massive Power Charing Bank Traveller 3 Byte,27809.0,Add to cart
126990.0,"Tecno Camon 19 (CI6) 6.8 FHD+, 128GB ROM + 4GB RAM, 64MP Rear + 16MP Front, 5000mAh + 18W Fast Charge, Android 12, 4G - Green",180000.0,Add to cart
195000.0,"Samsung Galaxy Note 10 Dynamic AMOLED, HDR10+ 6.3 Inches, Corning Gorilla Glass 6",213000.0,Add to cart
118650.0,"XIAOMI Redmi 10 2022 - 6.5 (4GB RAM, 128GB ROM) - Carbon Gray",135000.0,Add to cart
74990.0,"Infinix Smart 7 Plus (X6517) 6.6 HD+, 64GB ROM + 3GB RAM(Up To 6GB), 6000mAh Type-C, Android 12, 13MP Dual Camera, 4G - Black",100000.0,Add to cart
62990.0,"Infinix Smart 6, 6.6HD+, 32gb/2gb RAM, 8MP+ 8MP, 5000mAh- Ocean Wave",88000.0,Add to cart
121900.0,Infinix Note 12i (X6819) - 6.82 FHD+ (128GB ROM-4GB RAM)-50 MP (wide) + 2 MP (depth) + QVGA  8MPSelfie - 4G LTE - 5000mAh -Black,149999.0,Add to cart
127660.0,"XIAOMI Redmi 10 2022 - 6.5 (6GB RAM, 128GB ROM) - Carbon Gray",142000.0,Add to cart
60000.0,Tecno POP 7-BF6-6.6-2/64GB ROM-5000mAh- 4G LITE- Blue,76000.0,Add to cart
94500.0,Samsung Galaxy A03  6.5HD+ 64GB + 4GB 48MP 4G LTE  5000mAh - Black,100000.0,Add to cart
99990.0,"Tecno Camon 18i (CG6) 6.6 90Hz HD+, 4GB RAM + 128GB ROM, 48MP",130000.0,Add to cart
205970.0,"XIAOMI Redmi Note 11 Pro, 8GB/128GB Memory - Graphite Gray",220000.0,Add to cart
89124.0,"XIAOMI Poco C40, 4GB/64GB Memory,6000 MAh Battery, Fingerprint (rear-mounted), Accelerometer,- Coral Green",101000.0,Add to cart
200000.0,Samsung Galaxy M33 Dual Sim - 8GB RAM - 128GB - 5G -Green,210000.0,Add to cart
31590.0,"itel A18 5.0 Screen, 32GB ROM + 1GB RAM, 2400mAh, Android 11, 3G",40000.0,Add to cart
158000.0,Samsung Galaxy S10 Single Sim Black 8gb Ram 128gb Rom AMOLED,180000.0,Add to cart
154990.0,"Nokia X20, 6.67 HD+ 8GB RAM + 128GB ROM Android 11 (64MP + 5MP + 2MP + 2MP) + 32PM Dual SIM - Nordic Blue",220000.0,Add to cart
73999.0,Infinix Smart 7 Plus 6.6HD+- 4GB RAM + 64GB ROM- 6000mAh- 4G- Blue,86000.0,Add to cart
109000.0,Tecno Spark 9 Pro - 6.6 FHD 128GB ROM- 4GB RAM - Dual Sim-50mp - 5000mAh - Fingerprint - Quantum Black,133030.0,Add to cart
59562.0,XIAOMI Redmi A1 Mobile Phone 2GB 32GB MTK Helio A22,103586.0,Add to cart
135260.0,"XIAOMI Redmi Note 11, 4GB/128GB Memory 4G LTE- Graphite Gray",165000.0,Add to cart
147600.0,"XIAOMI Redmi Note 11,6GB/128GB Memory 4G LTE AMOLED Display  - Graphite Gray",175000.0,Add to cart
67990.0,"Infinix Smart 6 Plus (X6511G) 6.6, 2GB RAM + 32GB ROM, 5000mAh, 4G",80000.0,Add to cart
58990.0,"Tecno POP 6 (BE7) 6.1 HD+, 2GB RAM + 32GB ROM, 5000mAh, 4G LTE, 5MP + 5MP Camera, Android 11, Fingerprint - Green + Free Case",75000.0,Add to cart
89990.0,"Tecno Spark 9(KG5p) 6.6, 4GB RAM(Up To 7GB) + 64GB ROM, 5000mAh",100000.0,Add to cart
170000.0,"Infinix Note 10 Pro (8GB RAM, 256GB ROM) 4G LTE Blizzard Snow",188000.0,Add to cart
155000.0,Samsung Galaxy S10 Single Sim Black 8gb Ram 128gb Rom AMOLED,200000.0,Add to cart
132000.0,"Samsung Galaxy A13 - 6.6 (4GB RAM, 128GB ROM) Android 12 (50/5/2/2)MP + 8MP Selfie - 5000mAh - Dual Sim - 4G LTE - Black",135500.0,Add to cart
118800.0,"Samsung Galaxy Tab A7 Lite 8.4 (2021, WiFi + Cellular) Android 11 (32GB+3GB RAM) 5100mAh Battery, 4G LTE ,- Grey",420000.0,Add to cart
89980.0,Hotwav Cyber 8 Waterproof Smartphone 6.3 Inch HD + Water Drop Display 4GB Ram 64GB Rom 8280mah Battery 16MP Main Camera NFC Phone,175649.0,Add to cart
209990.0,"Tecno Camon 19 Pro (CI8) 6.8, 256GB + 8GB RAM(Up To 13GB) - Blue",240000.0,Add to cart
130834.0,Lenovo XiaoXin Pad Tablet 11inch 4GB RAM + 64GB ROM WIFI Edition,194626.0,Add to cart
98500.0,"Samsung Galaxy A04s - 6.5 (4GB RAM, 64GB ROM) Android 12 (50/2/2)MP + 5MP Selfie - 5000mAh - Dual Sim - 4G LTE - Black",125500.0,Add to cart
98990.0,Blackview A100 6GB+128GB 12.0MP+8MP 4680mah Battery Android 11- Blue,194098.0,Add to cart
25490.0,New Age L30 33000mAh Power Bank With Lamp@a Promo Price New Age,56000.0,Add to cart
119300.0,"Samsung Galaxy S9 + (plus) (6GB RAM,64GB ROM)8.0 Oreo. Blue",148000.0,Add to cart
109000.0,Tecno Spark 9 Pro - 6.6 FHD 128GB ROM- 4GB RAM - Dual Sim-50mp - 5000mAh - Fingerprin -White,133030.0,Add to cart
66950.0,"Infinix Smart 6 4G (X6511B) 6.6, 2GB RAM + 32GB ROM, 5000mAh, 4G",70000.0,Add to cart
45250.0,"itel P17 Pro 3G, 5.5 Screen, 2GB RAM + 32GB ROM, 4000mAh, 5MP",50000.0,Add to cart
68990.0,"Blackview A80Plus Android Smartphone HD Camera,4/64G,Dual SIM-Black",143745.0,Add to cart
58400.0,Infinix Smart 6- (X657) - 32GB ROM - 2GB RAM - 6.6'' HD+ Waterdrop - 5000mAh -Camera: Dual 8MP Main/ 5 MP Front - Black,69999.0,Add to cart
148572.0,"Samsung Galaxy A23, 4GB/64GB Memory, Android 12 - Blue",155000.0,Add to cart
185000.0,"Samsung Galaxy S10 Plus 6.4-Inch AMOLED 8GB,128GB ROM BLACK",203000.0,Add to cart
226500.0,"Samsung Galaxy A33 - 6.4 (6GB RAM, 128GB ROM) Android 12  - 5G - Dual Sim - 5000mAh - Awesome Black",600000.0,Add to cart
182590.0,"XIAOMI Redmi Note 11s - 6.43 (8GB RAM, 128GB ROM) Android 11 (108/8/2/2)MP + 16MP Selfie - 4G - Dual - 5000mAh - Graphite Gray",185000.0,Add to cart
119000.0,"Poco M4 Pro 5G, 6.6'' 4GB RAM 64GB ROM Android 11 - Power Black",120000.0,Add to cart
44500.0,"itel P17 Pro 5.5 Screen, 2GB RAM + 32GB ROM, 4G, Android11 -Blue",49000.0,Add to cart
269000.0,Samsung Galaxy S20 5G  (12GB RAM/128GB ROM) (12MP + 64MP + 12MP + 0.3MP)+(10MP) Single SIM - Gray,287000.0,Add to cart
85000.0,XIAOMI Redmi 10A 6.53 Inches 3GB RAM 64GB ROM 5000mAH - Blue,109000.0,Add to cart
84750.0,"itel S18 Pro 6.6 FHD+, 64GB ROM + 7GB RAM (4+3GB*), 32MP AI Selfie Camera, 5000mAh, 4G LTE - Black",100000.0,Add to cart
155000.0,Samsung Galaxy Note 9 6gb Ram 128gb Rom 4000MAh Single Sim,173000.0,Add to cart
132000.0,"Samsung Galaxy A13 - 6.6 (4GB RAM, 128GB ROM) Android 12 (50/5/2/2)MP + 8MP Selfie - 5000mAh - Dual Sim - 4G LTE - Blue",163500.0,Add to cart
220000.0,Oppo A96 - 6.59 8GB RAM/256GB ROM 5000mAh - Sunset Blue,238000.0,Add to cart
62900.0,"UMIDIGI C1 (2GB,32GB ROM) 6.52 HD+ 5150mAh Android Smartphone Unlocked (13MP+2MP)+13MP-Matte Silver",101765.0,Add to cart
68900.0,Blackview Oscal C60 32GB+4GB 4G Android11 6.528Inch  -Meteorite Black,119986.0,Add to cart
109600.0,"Samsung Galaxy Tab A7 Lite 8.0 32GB+3GB RAM, 5100mAh Battery - Grey",300000.0,Add to cart
55926.0,Blackview OSCAL C20Pro Smartphone  Face Unlock  2+32GB 3380mAh  -Black,108918.0,Add to cart
48690.0,"itel A58 Pro 6.6 HD+ Screen, 2GB RAM + 32GB ROM, 4000mAh Battery, Android11, Dual Camera, Fingerprint &amp; Face Unlock - Black",55000.0,Add to cart
128343.0,"UMIDIGI BISON X10 Pro (4GB,128GB) 6150mAh IP68/IP69K 6.53(20MP+8MP+5MP)+8MP NFC Infrared Thermometer Sensor Android 11-Yellow",175060.0,Add to cart
170900.0,"Nokia X20, 6.67 (8GB RAM, 128GB ROM) Android 11 (64/5/2/2)MP + 32PM Selfie - 5G - Dual SIM - 4470mAh - Nordic Blue",209000.0,Add to cart
899000.0,Samsung Galaxy S23 Ultra Dual SIM-12GB RAM -256GB -5G - Lavender,1000000.0,Add to cart
88500.0,Infinix HOT 20i- (X665E)- 64/4GB '6.6-13MP F1.8 Wide Aperture Triple Rear Camera 8MP AI Portrait Front Camera- 4G - Gold,99000.0,Add to cart
51900.0,FUNSNAP Capture2s Handheld Gimbal Stabilizer Free Magic Cube,68500.0,Add to cart
59900.0,Infinix Smart 6 6.6HD+ 2GB/32GB ROM Android 11- Midnight Black,70000.0,Add to cart
30999.0,itel A18 5.0 -32GBROM/1GBRAM-2400mAh Android11-Dual SIM - Blue,49000.0,Add to cart
115000.0,"Infinix Note 11, 4GB RAM + 128GB ROM,5000mAh, 4G - Black",126000.0,Add to cart
144990.0,"Tecno Camon 19 (CI6) 6.8 FHD+, 6GB RAM + 128GB ROM, 64MP Rear",180000.0,Add to cart
40990.0,Nokia C1 2nd Edition - 5.45'' - 16GB ROM - 1GB RAM - Dual Sim - 3G - Android 11 - 2500mAh,44990.0,Add to cart
61500.0,XIAOMI Redmi 9A 2G 32G MTK Helio G25 Octa Core,70000.0,Add to cart
84900.0,"UMIDIGI A11 (3GB,64GB ROM) Android 11,16MP+8MP+5MP)+8MP 5150mAh 6.53 Global Version - Frost Grey",148824.0,Add to cart
69500.0,"Tecno Pop 7 Pro (BF7) 6.6, 3GB/64GB(UpTo 6GB RAM), 5000mAh .Blue",75000.0,Add to cart
129990.0,"Infinix Hot 12 (X6817) 6.82 HD+, 4GB RAM(UP TO 7GB) +128 GB ROM",150000.0,Add to cart
44500.0,Tecno POP 5 Go(BD1) 5.71 HD+-1/16GB ROM-4000mAh-5/5MP-mist Copper,50000.0,Add to cart
62900.0,"UMIDIGI C1 (2GB,32GB ROM) 6.52 HD+ 5150mAh Android Smartphone Unlocked (13MP+2MP)+13MP-Hawaii Blue",97656.0,Add to cart
100990.0,"UMIDIGI BISON X10 (4GB RAM,64GB ROM) 6150mAh IP68/IP69K 6.53(20MP+8MP+5MP)+8MP NFC Android 11 Global Version Dual 4G-Supersonic Yellow",184226.0,Add to cart
57250.0,"itel S18 6.6 HD+, 64GB ROM + 2GB RAM (UpTo 4GB), 5000mAh, 4G LTE",80000.0,Add to cart
155000.0,Samsung Galaxy Note 9 6GB/128GB - Lavender Purple,173000.0,Add to cart
85000.0,XIAOMI Redmi 10A 6.53 Inches 3GB RAM 64GB ROM 5000mAH- Gray,109000.0,Add to cart
65990.0,"itel S16 Pro 4G 6.6 HD+, 2GB RAM + 32GB ROM, Android 10, 4000mAh, 13MP Triple Camera, Finger &amp; Face ID -Green +Free Solo Pod",75000.0,Add to cart
56000.0,"itel S18 6.6, 64GB ROM + 2GB RAM (UpTo 4GB), 5000mAh, 4G - Black",67000.0,Add to cart
92500.0,"Samsung Galaxy A03s, 6.5-Inch (3GB RAM, 32GB ROM) Android 11, (13MP + 2MP + 2MP) + 5MP 4G, Fingerprint, Dual SIM - Black",120000.0,Add to cart
225500.0,"Samsung Galaxy A33 5G, 6GB/128GB Memory - Black",500000.0,Add to cart
56000.0,"itel S18 6.6, 64GB ROM + 2GB RAM (UpTo 4GB), 5000mAh, 4G - Black",70000.0,Add to cart
65990.0,Blackview A70Pro Smartphone 32+4GB   Fingerprint Unlock Android 11,140642.0,Add to cart
61990.0,Blackview A55 Smartphone 16+3GB  6.528' Inch 4G LTE Android 11-Black,115752.0,Add to cart
92500.0,Infinix HOT 20i- (X665E)- 64/4GB- '6.6-13MP F1.8 Wide Aperture Triple Rear Camera 8MP AI Portrait Front Camera- 4G - Black,99000.0,Add to cart
15710.0,"Oraimo Riff Wireless Earbud Freepod2 ,Edition@promo Price",34000.0,Add to cart
265000.0,Samsung Galaxy Note 10+ Plus 12GB/256GB Black Octa-core/Exynos CPU,283000.0,Add to cart
37650.0,"itel A33 Plus 5.0,16GB/1GB, 3020mAh, 5+2MP, 3G - Blue+ Free Case",45000.0,Add to cart
195000.0,"Gionee M15, 6.67 (8GB RAM, 128GB ROM) Android 11 (48/5/2/2)MP + 16MP Selfie - 4G LTE - Dual - 5100mAh - Fingerprint - Blue",289999.0,Add to cart
62950.0,"Infinix Smart 6, 6.6 32gb/2gb RAM, 8MP + 8MP Camera, 5000mAh -Black",80000.0,Add to cart
61699.0,"Infinix SMART6,3G, 6.6,Android10,32GB ROM+2GB,8MP+8MP, 5000mAh,Black",72000.0,Add to cart
114000.0,"Samsung Galaxy Tab A7 Lite 8.0 32GB+3GB RAM, 5100mAh Battery - Grey",900000.0,Add to cart
112500.0,"XIAOMI Redmi 10C, 6.53-inch ,4GB RAM, 128GB ROM 13/2/2)MP + 5MP Selfie - 4G - Dual SIM - 5000mAh -Graphite Grey",115900.0,Add to cart
65990.0,Blackview A70Pro 32+4GB13MP+5MP 6.5‘’Fingerprint Unlock Android 11-Red,140642.0,Add to cart
125500.0,Nokia G20 - 6.5 HD+ 20.9  SCREEN-128GB ROM/4GB RAM-48MP/5MP/2MP/2MP+8MP CAMERA-5050MAH-FINGERPRINT- NIGHT - DARK  BLUE,127800.0,Add to cart
61799.0,"Infinix SMART6(X657),6.6HD,3G, 32GB ROM+2GB,RAM,8MP+8MP,5000mAh,Cyan",72000.0,Add to cart
126990.0,"Tecno Camon 19 (CI6) 6.8, 128GB ROM + 4GB RAM (Up To 7GB) - White",180000.0,Add to cart
95000.0,"Tecno POVA Neo (LE6) 6.8 HD+, 4RAM + 64GB ROM, 6000mAh Battery, 18W Charge, 13MP + 8MP Camera, Android-11, 4G LTE - Blue",100500.0,Add to cart
104000.0,"Tecno Spark 8P KG7H-6.52 HD+, 64 + 4GB RAM, 5000mAh, 16MP Dual Camera + 8MP Selfie, Android 11, 4G, Fingerprint - Cyan",122000.0,Add to cart
45500.0,"Tecno POP 5 Go (BD1) 5.71 Screen, 1GB RAM + 16GB ROM, 4000mAh,, 5MP +5MP Camera, Fingerprint &amp; Face ID - Aether Black",55000.0,Add to cart
30450.0,"itel A14 Plus, 4.0 Screen, 8GB /1GB RAM, 2500mAh Batt- Deep Blue",38000.0,Add to cart
54990.0,"Tecno POP 5 (BD2p) 6.1 HD+ Display, 2GB RAM + 32GB ROM, 5000mAh, Android 10, 5MP + 5MP Camera, Fingerprint &amp; Face ID - Blue",65000.0,Add to cart
52800.0,"Tecno POP 6 Go,6.0, 2GB RAM + 32GB ROM, 4000mAh, 5MP +5MP, Grey",68000.0,Add to cart
58800.0,"Tecno POP 6,6.1HD+2GBRam/32GB Rom,5000mAh,4G,5000mAh Sky Blue",65000.0,Add to cart
185000.0,"Samsung Galaxy A23 - 6.6 (4GB RAM, 128GB ROM) Android 12 (50/8/2/2)MP + 8MP Selfie - 4G - 5000mAh - Dual Sim - Black",192000.0,Add to cart
56990.0,"itel P37 6.5 HD+ Screen, 2GB RAM + 32GB ROM, 5000mAh Battery, Android 10, 8MP Dual Rear Camera, Fingerprint + Face ID - Blue",60000.0,Add to cart
54990.0,"Tecno POP 5 (BD2d) 6.1 HD+ Display, 2GB RAM + 32GB ROM, 5000mAh, Android 10, 5MP + 5MP Camera, Fingerprint &amp; Face ID - Green",65000.0,Add to cart
201000.0,Tecno Phantom X- 6.7FHD+ AMOLED- 8GB RAM/256GB ROM- Android 11 -50 + 13 + 8MP/ 48 + 8MP- 1080*2340 RESOLUTION- Iceland Blue,345000.0,Add to cart
81900.0,UMIDIGI Power 5S 4GB RAM 64GB ROM 6150mAh (16MP+8MP+5MP)+8MP Android 11 Face Unlock 6.53 Global Version Dual 4G-Sapphire Blue,109608.0,Add to cart
799000.0,Samsung Galaxy Tab S8 Plus 12.4 - 8GB RAM - 128GB - 5G - Graphite,850000.0,Add to cart
89990.0,"Tecno POVA Neo (LE6) 6.8 HD+, 4GB RAM + 64GB ROM, 6000mAh Battery, 18W Charge, 13MP + 8MP Camera, Android 11, 4G LTE - Blue",120000.0,Add to cart
66990.0,"Infinix Smart 6 4G (X6511B) 6.6 HD+, 2GB RAM + 32GB ROM, 5000mAh",70000.0,Add to cart
62900.0,"Nokia C10, 6.5Inch 32GB/1GB Ram, Android 11, (5MP ) - Light Purple",70000.0,Add to cart
204000.0,"XIAOMI Redmi Note 11 Pro -6.67 (6GB RAM, 128GB ROM) - Gray",250000.0,Add to cart
44990.0,"Tecno POP 5 Go (BD1) 5.71 HD+, 1GB RAM + 16GB ROM, 4000mAh, Wireless FM, 5MP +5MP Camera, Fingerprint &amp; Face ID - Blue +CASE",55000.0,Add to cart
47990.0,"Tecno POP 2F (B1G) 5.5 Android 8.1, 16GB ROM + 1GB RAM, 8+5MP, Fingerprint, Face ID, 2400mAh Battery - Black +Free 32GB Card",49900.0,Add to cart
85900.0,UMIDIGI A11S 4GB RAM 32GB ROM 5150mAh (16MP+8MP+5MP)+8MP Android 11 AI Face Unlock 6.53 Global Version Dual 4G Lte-Frost Grey,129999.0,Add to cart
90000.0,"Nokia C30, 6.82 HD+ 3GB RAM + 64GB ROM Android 11 (13MP + 2MP ) + 5PM 4G Dual SIM - Green",96000.0,Add to cart
43990.0,"Tecno POP 2F (B1C) 5.5 Android 8.1, 16GB ROM + 1GB RAM, 8+5MP",50000.0,Add to cart
629999.0,"XIAOMI 12 Pro - 6.73 (12GB RAM, 256GB ROM) Android 12 (50/50/50)MP + 32MP Selfie - Snapdragon 5G - Dual - 4600mAh - Purple",892999.0,Add to cart
280000.0,Samsung Galaxy Note 10 Plus 12GB RAM 256GB Single SIM  Aura White,298000.0,Add to cart
42990.0,"itel P17 5.5 Screen, 1GB RAM +16GB ROM, 4000mAh, Android11 -Blue",50000.0,Add to cart
47490.0,"itel P17 Pro 5.5 IPS Screen, 2GB RAM + 32GB ROM, 4G, 4000mAh Battery, Android 11, Fingerprint &amp; Face ID - Blue + Free Case",60000.0,Add to cart
225000.0,"Tecno Camon 17 Pro - 6.8 (8GB RAM, 256GB ROM) Android 11 - 64MP Quad Rear + 48MP Selfie - 5000mAh - 4G LTE - Ice Silver",250000.0,Add to cart
59000.0,"Samsung Galaxy A03 Core - 6.5 (2GB RAM, 32GB ROM) Android 11 - 8MP Rear + 5MP Selfie - 5000mAh - Dual Sim - 4G LTE - Mint",70000.0,Add to cart
155000.0,"Infinix Note 12 - 6.7 FHD+ (4+3GB RAM, 128GB ROM) Android 11 (50/2/QVGA)MP + 16MP Selfie - 5000mAh - Dual - 4G LTE -Sunset Gold",170000.0,Add to cart
130000.0,"Samsung Galaxy Note 8 (6GB,64GB ROM) - Black",148000.0,Add to cart
45450.0,"itel P17 Pro 3G, 5.5 Screen, 2GB RAM + 32GB ROM, 4000mAh Battery, Android 11, 5MP, Fingerprint &amp; Face ID - Blue + Free Case",50000.0,Add to cart
620999.0,Dji Mini 2 Fly More Combo Drone Camera,700000.0,Add to cart
37900.0,"itel A33 Plus,Android 11, 5.0inch5.0MP,32G BROM1GB RAM3020mAhBlue",46000.0,Add to cart
179000.0,Samsung GALAXY TAB A8 -32GB ROM/3GB RAM-8MP/5MP-SILVER,400000.0,Add to cart
102000.0,"Samsung Galaxy A03s, 6.5-Inch (3GB RAM, 32GB ROM) Android 11, (13MP + 2MP + 2MP) + 5MP 4G, Dual SIM - Black",130000.0,Add to cart
175000.0,Tecno Camon 19 (CI6) 6GB RAM+128GB ROM 4G - Black,193000.0,Add to cart
269000.0,Samsung Galaxy S20 5G  (12GB RAM/128GB ROM) (12MP + 64MP + 12MP + 0.3MP)+(10MP) Single SIM - Cosmic Black,287000.0,Add to cart
200000.0,Nikon D5100 DSLR Camera With 18-55MM Lens,218000.0,Add to cart
35500.0,Fifine K669B Condenser USB Studio Recording Microphone,49900.0,Add to cart
103000.0,"Samsung GalaxyS9 5.8''Inch 1 Sim, 4GB + 64GB,12MP+8MP  Black",125000.0,Add to cart
275000.0,"Huawei Y9a - 6.63 (8GB RAM,128GB ROM) - 64/8/2/2MP Quad Camera +16MP Motorized Selfie . 4300mAh - 4G - Space Silver",300000.0,Add to cart
37650.0,"itel A33 Plus 5.0 Screen, 32GB ROM + 1GB RAM, 3020mAh Battery, Android 11, 5+2MP Camera, Fingerprint, 3G - Black + FREE CASE",45000.0,Add to cart
212000.0,"Tecno Camon 18 Premier - 6.7 (8GB RAM, 256GB ROM) Android 11 - 64MP Triple + 32MP Selfie - 4G - Dual - 4750mAh - Polar Night",300000.0,Add to cart
88000.0,"Tecno Spark 8c - 6.6 HD+ (3GB RAM, 64GB ROM) Android 11 - 13MP Ai Dual + 8MP Selfie - 4G - Dual Sim - 5000mAh - Magnet Black",100000.0,Add to cart
43990.0,"itel A25 Pro 5.0 HD Screen, 2GB RAM +32GB ROM, 4G LTE, Android 10 3020mAh Battery, 5MP Camera, Face ID - Green +Free Case",50000.0,Add to cart
18950.0,Logitech C270 HD Webcam 720p Video Conferencing + Free Stand,29900.0,Add to cart
170000.0,"XIAOMI Redmi Note 11s - 6.43 (6GB RAM, 128GB ROM) Android 11 (108/8/2/2)MP + 16MP Selfie - 4G - Dual - 5000mAh - Blue",230000.0,Add to cart
130000.0,"Samsung Galaxy S9 Plus Single Sim Black,  Pouch &amp; Tempered Glass",148000.0,Add to cart
250000.0,"XIAOMI Redmi Pad - 10.61 (6GB RAM, 128GB ROM) Android 12 - 8MP Rear + 8MP Selfie - 8000mAh - WiFi Only - Mint Green",300000.0,Add to cart
37800.0,VILTROX Canon M50 Adapter AutoFocus EF-EOS M MOUNT  For Canon,49500.0,Add to cart
255000.0,"XIAOMI Redmi Note 11 Pro - 6.67 (8GB RAM, 128GB ROM) Android 11 (108/8/2/2)MP + 16MP Selfie - 4G - 5000mAh - Graphite Gray",275000.0,Add to cart
520000.0,Canon EOS M50 With 15 - 45 Mm Lens (mob),619999.0,Add to cart
165000.0,"Samsung Galaxy A13 - 6.6 (4GB RAM, 128GB ROM) Android 12 (50/5/2/2)MP + 8MP Selfie - 5000mAh - Dual Sim - 4G LTE - Peach",175000.0,Add to cart
285000.0,Nikon D5200 DSLR Camera 18 - 55mm Lens (mob),303000.0,Add to cart
170000.0,"Samsung Galaxy Note 9 - (6GB+128GB)(12MP+12MP), S-Pen Single Sim",188000.0,Add to cart
270000.0,Google Pixel 6a 5G 6.1'' 6GB 128GB ROM Android 12 Nano - Charcoal,320000.0,Add to cart
13400.0,"Tecno T402, 2.4Inches QVGA,Java, Tripple Sim, Opera Mini(0.08MP+0.08MP),1500mAh - Black",15000.0,Add to cart
100000.0,Samsung Galaxy Z Fold 4 Standing Cover With S Pen,146000.0,Add to cart
328000.0,Samsung Galaxy A53 5G 6.5'' 8GB 128GB ROM Android 12 - Awesome Black,370000.0,Add to cart
185000.0,"XIAOMI Redmi Note 11, 6.43-Inch 6GB RAM,128GB ROM Android 11 (50MP + 8MP + 2MP + 2MP) + 13MP Dual SIM -Twilight Blue",203000.0,Add to cart
525000.0,"Google Pixel 6 Pro - 12GB RAM, 128GB - 5G - Stormy Black",700000.0,Add to cart
47990.0,"Tecno POP 2F (B1G) 5.5 Android 8.1, 16GB ROM + 1GB RAM, 8+5MP, Fingerprint, Face ID, 2400mAh Battery - Black +Free 16GB Card",50000.0,Add to cart
150500.0,"Samsung Galaxy A13 - 6.6 (4GB RAM, 64GB ROM) Android 12  Selfie - 5000mAh - Dual Sim - 4G LTE - Black",400000.0,Add to cart
53999.0,"Tecno POP 6 Go,6.0, 2GB RAM + 32GB ROM, 4000mAh, 5MP +5MP, Grey",65000.0,Add to cart
149900.0,"XIAOMI Redimi Note 11 - 6.5 (128GB ROM,4GB RAM)-  Android 11 (50MP/8MP/2MP/MP)+ 13MP -4G LTE - 5000mAh- Twilight Blue",173000.0,Add to cart
42350.0,Fifine Ampligame RGB USB Microphone A6V For Podcast Youtube,64000.0,Add to cart
55800.0,Logitech C922 Pro Stream Webcam + Free Stand,74000.0,Add to cart
330000.0,"XIAOMI 11T Pro, 6.67-Inch 8GB RAM,256GB ROM Android 11 (108MP + 8MP + 5MP) + 16MP Dual SIM - Meteorite Gray",380000.0,Add to cart
160000.0,Samsung Galaxy Note 9 - Single Sim - 6gb Ram - 128gb Rom .,178000.0,Add to cart
135000.0,"Samsung Galaxy Tab A 8.0 (2019, WiFi + Cellular) Android 9 (32GB+2GB RAM) 5100mAh Battery - 4G LTE - Black",150000.0,Add to cart
47376.0,"Infinix Hot 5 (X559c) 5.5-Inch HD (1GB, 16GB ROM) Android 7, 8MP + 5MP Dual SIM 3G Smartphone (Fingerprint) - Sandstone Black - (FS)",52876.0,Sold out
124450.0,"Tecno Spark 9 Pro (KH7) 6.6 FHD+, 128GB ROM + 4GB RAM, 50MP + 32MP Selfie, 5000mAh 18W+Type-C, Memory Fusion, 4G - Black",150000.0,Add to cart
38000.0,"Atouch K96 Kids Tablet, 7 Android 8.1 ,3GB Ram - 32GB Rom,Wifi &amp; Zoom Enabled, Blue",45000.0,Add to cart
55000.0,"Infinix Hot 5 (X559c) 5.5-Inch HD (2GB, 16GB ROM) Android 7, 8MP + 5MP Dual SIM 3G Smartphone (Fingerprint) - Champagne Gold",60500.0,Sold out
109000.0,"Tecno Camon 18i (CG6)-128GB, 4GB RAM-6.6-Inch-90Hz HD+ Android 11, 48MP Rear+8MP Selfie Camera, 5000mAh (4G LTE) - JEWEL Blue",114000.0,Sold out
26700.0,"Motorola Moto C - 3G, 5.0 Inch Screen (1GB, 8GB ROM) Android 7.0 Nougat 5MP + 2MP - Pearl White",29200.0,Sold out
219070.0,"Samsung Galaxy S6 Edge SM-G925 5.1-Inch AMOLED (3GB, 32GB ROM) Android 5, 16MP Smartphone - Gold Platinum",237070.0,Sold out
44290.0,"Gionee S11 Lite 5.7-Inch HD (4GB,64GB ROM) Android 7.1 (13MP + 2MP) + 16MP Dual SIM 4G LTE Fingerprint ID Smartphone - Black",59988.0,Sold out
39990.0,UMIDIGI A5 Pro FHD Fingerprint Smartphone 6.3 Android 9.0 4GB+32GB - Space Grey,81745.0,Sold out
99902.0,"Samsung Galaxy A12 - 6.5 48MP Camera, 4/128GB Memory, 5000maH Battery, Fingerprint, 4G LTE - BLACK",105402.0,Sold out
90900.0,"Samsung Galaxy A12 - 6.5 48MP Camera, 4/64GB Memory, 5000maH Battery, Fingerprint, 4G LTE - BLACK",96400.0,Sold out
34299.0,"Infinix HOT 7 (X624B) 6.2-Inch (32GB ROM, 2GB RAM) 13MP + 8MP 4000mAh  Dual SIM, Face Unlock 3G Smartphone - Cosmic Purple (BF19)",36799.0,Sold out
65000.0,Samsung Galaxy A03 Android 11 - 6.5 Inches Screen Display - 2GB RAM - 32GB Internal Storage - FingerPrint -  5000mAh- 4G LTE- Black - Green,70500.0,Sold out
180880.0,"Samsung Galaxy A23 - 6.6 (4GB RAM, 128GB ROM) Android 12 (50/8/2/2)MP + 8MP Selfie - Snapdragon 4G - 5000mAh - Dual Sim - Fingerprint - Face ID - Black",198880.0,Sold out
99000.0,"XIAOMI Poco M5, 6.58 (4GB RAM, 64GB ROM) Android 12 (50/2/2)MP, 5000mAh- Black",180000.0,Sold out
99900.0,"Samsung Galaxy A12 - 6.5 48MP Camera, 4/128GB Memory, 5000maH Battery, Fingerprint, 4G LTE - BLUE",105400.0,Sold out
124000.0,"Samsung Galaxy A14 - 6.6 (4GB RAM, 128GB ROM) Android 13 (50/5/2)MP + 13MP Selfie - 5G - Dual Sim - 5000mAh - Fingerprint - Face ID - Black",128000.0,Sold out
61000.0,Samsung Galaxy A04 - 6.5 - 32GB ROM - 3GB RAM - Dual SIM - 4G LTE - 50MP - 5000mAh - Facial Recognition - Black,95000.0,Sold out
95000.0,Samsung Galaxy A04 - 6.5 - 32GB ROM - 3GB RAM - Dual SIM - 4G LTE - 50MP - 5000mAh - Facial Recognition - Green,100500.0,Sold out
238270.0,"Samsung Galaxy S8 5.8-Inch QHD (4GB,64GB RAM) Android 7.0 Nougat, 12MP + 8MP LTE Dual SIM Smartphone - Maple Gold",256270.0,Sold out
36300.0,"Infinix Hot Note (X551) 5.5-Inch IPS LCD (1GB,16GB ROM) Android 4.4 KitKat, 8MP + 2MP Smartphone - Grey",38800.0,Sold out
64840.0,"Samsung Galaxy A04e, 3GB/32GB Memory - Black",72000.0,Sold out
320000.0,"Samsung Galaxy S8 5.8-Inch QHD (4GB, 64GB ROM) Android 7.0 Nougat, 12MP + 8MP Smartphone (Official Warranty) + Free Starter Kit &amp; E1205 - Midnight Black",338000.0,Sold out
102120.0,"Samsung Galaxy J5 SM-J500F 5-Inch (1.5, 8GB ROM) Android Lollipop 5.1 13MP + 5MP Smartphone - Gold",120120.0,Sold out
25500.0,"Innjoo Halo 2 5.0-Inch (1GB, 8GB ROM) Android 6.0, 5MP + 2MP 3G Smartphone - Gold (MWAlt)",28000.0,Sold out
28500.0,"Tecno WX3 5-Inch (1GB, 8GB ROM) Android 7.0 Nougat, 5MP + 5MP Smartphone - Champagne Gold",31000.0,Sold out
249000.0,"Samsung Galaxy S8 5.8-Inch QHD (4GB,64GB RAM) Android 7.0 Nougat, 12MP + 8MP LTE Dual SIM Smartphone - Maple Gold (MW18) (FS)",267000.0,Sold out
241500.0,"Samsung Galaxy S9 Plus (S9+) 6.2-Inch QHD (6GB, 64GB ROM) Android 8.0 Oreo, 12MP + 8MP Dual SIM 4G Smartphone - Midnight Black",259500.0,Sold out
75000.0,"Samsung Galaxy J5 Prime 5-Inch HD (2GB, 16GB ROM) Android 6.0 Marshmallow, 13MP + 5MP 4G Smartphone - Black",80500.0,Sold out
65000.0,"Samsung Galaxy J4 5.5-inch (2GB RAM,32GB ROM) Android 8.0 Oreo, 13MP + 5MP, Dual Sim 4G Smartphone - Gold",70500.0,Sold out
31140.0,Innjoo One - Gold,59850.0,Sold out
34300.0,"Infinix Hot Note (X551) 5.5-Inch IPS LCD (2GB,32GB ROM) Android 4.4 KitKat, 8MP + 2MP Smartphone - Anthracite Grey",36800.0,Sold out
45000.0,Ulefone Note 7P 4G -6.1 Inch Android 9.0(3GB RAM 32GB ROM)8.0MP + 2.0MP + 2.0MP 3500mA-Black,50500.0,Sold out
79990.0,"Samsung Galaxy J7 Prime 5.5-Inch FHD (3GB, 32GB ROM) Android 6.0 Marshmallow, 13MP + 8MP 4G Smartphone - Gold (MW18) (FS)",85490.0,Sold out
29000.0,"Tecno WX3 LTE 5-Inch (1GB, 8GB ROM) Android 7.0 Nougat, 5MP + 5MP 4G Smartphone - Gold (FS)",31500.0,Sold out
253070.0,Blackberry Priv - Black,271070.0,Sold out
28000.0,"Lenovo A2016 4.5-Inch LCD (1GB RAM, 8GB ROM) Android 5MP + 2MP Smartphone - Gold",30500.0,Sold out
500000.0,"Samsung Galaxy J7 Pro (2017) 5.5-Inch HD (3GB, 32GB ROM) Android 7.0 Nougat, 13MP + 13MP 4G Smartphone - Black (MW18) (FS)",532000.0,Sold out
72000.0,"Samsung Galaxy A03 6.5 64GB ROM - 4GB RAM, 5000mAh - Black",120000.0,Sold out
47900.0,"Tecno Camon CM 5.7-Inch (2GB, 16GB ROM) Android 7 Nougat, 13MP + 13MP 4G LTE Dual Sim Smartphone - Midnight Black (MW18) (FS)",53400.0,Sold out
88000.0,"Samsung Galaxy A04s - 6.5 Android 12 (50/2/2)MP + 5MP Selfie - 4G LTE - Dual Sim - 5000mAh, 4GB/64GB Memory - Green",131000.0,Sold out
88580.0,"XIAOMI Redmi 10C - 6.71 - 64GB/4GB RAM, 5000mAh - Grey",110000.0,Sold out
88580.0,"XIAOMI Redmi 10A - 6.53 - 128GB ROM - 4GB RAM - Dual SIM - 4G LTE - Fingerprint, Face ID Recognition - 5000mAh - Graphite Gray",110000.0,Sold out
80500.0,"Samsung Galaxy A04 6.5 4GB/64GB Memory 50MP, 5000mAh - Green",105000.0,Sold out
124500.0,"Samsung Galaxy A13 - 6.6 (4GB RAM, 128GB ROM) Android 12 (50/5/2/2)MP + 8MP Selfie - 5000mAh - Dual Sim - 4G LTE - Face ID - Fingerprint - Light Blue",130000.0,Sold out
75000.0,Paloma Food Processor And Yam Pounder 1000W,80500.0,Add to cart
39200.0,VILTROX Auto Focus EF - EOSM MOUNT Adapter For Canon,49000.0,Add to cart
125000.0,Samsung Galaxy S9 Plus Single Sim 64gb-6gb 6.2'' Case &amp; Screen Guide,143000.0,Add to cart
53000.0,Lmv Baby Car Seat Big Size,58500.0,Add to cart
110999.0,"Samsung Galaxy S8 5.8-Inch QHD (4GB,64GB ROM)  (Black) Midnight Black With Free Phone Porch And Screen Guard.",128999.0,Add to cart
400000.0,"Google Pixel 6 5G, 6.4-Inch  8GB RAM 128GB ROM Android 12, (50MP + 12MP) + 8MP Nano SIM - Stormy Black",432000.0,Add to cart
55500.0,VILTROX EF-EOSR Auto Focus Lens Mount Adapter For  EF/EF-S,63000.0,Add to cart
64500.0,Logitech C922 Pro Stream Webcam + Free Stand,82000.0,Add to cart
186500.0,VILTROX 23mm F1.4 Lens Canon M50 Wide Angle Lens - Silver,248500.0,Add to cart
185000.0,"Samsung Galaxy S10 Plus 128gb/8gb 6.4'' Single Sim Case,Screen Guide",203000.0,Add to cart
300000.0,Samsung Galaxy A33 - 6.4 5G  128GB Rom 6GB Rom- Dual Sim - 5000mAh,318000.0,Add to cart
37900.0,"itel A33 Plus,Android11, 5.0 Inch,5.0MP32GBROM1GBRAM,3020mAhBlack",47000.0,Add to cart
350000.0,Canon 60D Digital Camera With 18 - 55mm Lens,368000.0,Add to cart
178999.0,"Samsung Galaxy Note 9 6.4-Inch (6GB RAM, 128GB ROM) Android 8.1 (12MP + 12MP) With Free Porch And Screen Guard",196999.0,Add to cart
38000.0,"itel A33 Plus 5.0 Screen, 16GB ROM + 1GB RAM,",40500.0,Add to cart
170000.0,"Samsung Galaxy Note 9 6.4 (6GB RAM, 128GB ROM), 12MP + 12MP, Single Sim - Black + Free Back Case And Glass Protector",188000.0,Add to cart
100990.0,"UMIDIGI BISON X10S (4GB,64GB) IP68/IP69K 6150mAh 6.53(16MP+8MP+5MP)+8MP NFC Android 11 Global Version -Gray",148666.0,Add to cart
170000.0,Samsung Galaxy Note 9 128gb ROM 6gb RAM Single Sim Black With Free Pouch &amp; Tempered Glass,188000.0,Add to cart
490000.0,"Google Pixel 6 Pro 5G, 6.7-Inch  12GB RAM 128GB ROM Android 12, (50MP + 48MP + 12MP) + 11.1MP Nano SIM - Stormy Black",550000.0,Add to cart
38499.0,"itel A33 Plus,Android11,5.0inch,5.0,32GB ROM,1GBRAM,3020mAh, Blue",46000.0,Add to cart
345000.0,Canon 60D Digital Camera With 18 - 55mm Lens,363000.0,Add to cart
155000.0,Samsung Galaxy Note 9 (6GB+128GB) 4000MAh (Octa-core CPU) Single Sim,173000.0,Add to cart
135000.0,"Samsung Galaxy A13 - 6.6 (4GB RAM, 64GB ROM) Android 12 (50/5/2/2)MP + 8MP Selfie - 5000mAh - Dual Sim - 4G LTE - Black",155000.0,Add to cart
138500.0,"Samsung Galaxy A13, 6.5 Inches- 4GB - 128GB- 4GLte - 5000mah - Blue",190000.0,Add to cart
228000.0,Samsung Galaxy A33 5G - 6.4 (6GB/128GB) Android 12 - DS - 5000mAh,246000.0,Add to cart
130000.0,"XIAOMI Redmi 10 - 6.5 (4GB RAM, 64GB ROM) Android 11 (50/8/2/2)MP + 8MP Selfie - Dual SIM - 4G LTE - 5000mAh - Sea Blue",150000.0,Add to cart
198000.0,"Samsung Galaxy A23 - 6.6 (4GB RAM, 128GB ROM) Android 12 (50/8/2/2)MP + 8MP Selfie - Snapdragon 4G - 5000mAh - Dual Sim - Black",250000.0,Add to cart
37650.0,"itel A33 Plus 5.0 Screen, 16GB ROM + 1GB RAM, 3020mAh Battery, Android 11, 5+2MP Camera, Fingerprint, 3G - Blue + FREE CASE",45000.0,Add to cart
81900.0,"UMIDIGI Power 5 (3GB,64GB ROM) 6150mAh Android 11 Infrared Temperature Sensor 2.0 (16MP+8MP+5MP)+8MP 6.53FullView-SapphireBlue",114510.0,Add to cart
81900.0,"UMIDIGI Power 5 (3GB,64GB ROM) 6150mAh Android 11 Infrared Temperature Sensor 2.0 (16MP+8MP+5MP)+8MP 6.53FullView-JadeGreen",114510.0,Add to cart
55000.0,"Tecno POP 2F (B1C) 5.5 Android 8.1, 16GB ROM + 1GB RAM, 8+5MP Beauty Camera, Fingerprint, Face ID, 2400mAh Battery - Gold",60500.0,Add to cart
300000.0,"Samsung Galaxy Tab S6 Lite -10.4” (4GB RAM, 64GB ROM) 8MP + 5MP - 4G LTE - Nano SIM  - With S-Pen - Oxford Gray",318000.0,Add to cart
260000.0,Samsung Galaxy A52 Dual SIM - 128GB - 6GB RAM - 4G LTE - Awesome Black,400000.0,Add to cart
45600.0,"Tecno POP 5 Go (BD1) 5.71 Screen, 1GB RAM + 16GB ROM, 4000mAh, 5MP +5MP Camera, Fingerprint &amp; Face ID - Aether Black",60000.0,Add to cart
24789.0,New Age 30000mAh Massive Power Bank@ Promo Price Free Cable Inside,27490.0,Add to cart
81900.0,UMIDIGI Power 5S 4GB RAM 32GB ROM 6150mAh (16MP+8MP+5MP)+8MP Android 11 Face Unlock 6.53 Global Version Dual 4G-Sapphire Blue,97843.0,Add to cart
185000.0,Samsung Galaxy S10 Plus Single Sim 8GB RAM 128GB ROM 4100 MAh,203000.0,Add to cart
78999.0,"Tecno Spark 8c (KG5j) 6.6 HD+, 2GB RAM + 64GB ROM, 13MP, 5000mAh",84499.0,Add to cart
128000.0,Tecno CAMON 19-6.8FHD+-128/4GBRAM-64/16MP-5000MAH-4G LTE-BLACK,146000.0,Add to cart
41900.0,Fifine Gaming RGB USB Microphone For PC PS5 Podcast Youtube,58000.0,Add to cart
103000.0,"Tecno Spark 8P (KG7H) 6.6 FHD+, 128GB ROM + 4GB RAM, 50MP Triple Camera, 5000mAh Battery, Android 11, 4G, Fingerprint - Cyan",121000.0,Add to cart
9300.0,Bluetooth Keyboard For Phones And Tablets.,25200.0,Add to cart
83000.0,Infinix Smart 7 Plus 6.6HD+- 3GB RAM + 64GB ROM- 6000mAh- 4G- Green,100000.0,Add to cart
12500.0,"Gionee L800i, 2.4 QVGA Screen, Facebook,Call Recording_Grey",50000.0,Add to cart
77500.0,"Tecno Spark 8C,6.6HD+,8mp+13mp, 64GB ROM,2GB RAM,5000mAh, Cyan",90000.0,Add to cart
145000.0,Tecno Camon 19 6.8 FHD+ 6GB RAM 128GB ROM 64MP  16MP 5000mAh  4G,163000.0,Add to cart
618900.0,"Samsung Galaxy Z Flip 4 - 6.7 (8GB RAM, 256GB ROM) Android 12 - 5G - Dual Sim - BLUE",900000.0,Add to cart
14480.0,Oraimo Feather-2C In-Ear Neckband Wireless Bluetooth - OEB-E60DN,30000.0,Add to cart
250000.0,"Oneplus Nord 2 5G, 6.43-Inch 8GB RAM 128GB ROM Android 11 (50MP + 8MP + 2MP ) + 32MP - Gray Sierra",260000.0,Add to cart
66990.0,"Infinix Smart 6 4G (X6511B) 6.6, 2GB RAM + 32GB ROM, 5000mAh, 4G",70000.0,Add to cart
270000.0,Samsung Galaxy S20 5G 12+128GB Single Sim Android 10 Octa Core 6.2 Inch Quad HD+ 12+12+64MP Tri-lens  - Gray,288000.0,Add to cart
84990.0,"Tecno Spark 9(KG5p) 6.6, 3GB/64GB (Up To 6GB RAM), 5000mAh, 13MP",100000.0,Add to cart
92360.0,"UMIDIGI BISON X10G (4GB,64GB) IP68/IP69K 6.53(16MP+8MP+5MP)+8MP NFC 6150mAh Android 11 Global Version Phones -Black",174901.0,Add to cart
69990.0,"Tecno Pop 7 Pro (BF7) 6.6, 3GB RAM(Up To 6GB) + 64GB ROM, 5000mAh Type-C, 13MP Rear + 5MP Selfie, 4G LTE - Blue",90000.0,Add to cart
130000.0,"Oppo A55 - 6.51, 64GB + 4GB RAM, 50MP+2MP+2MP Rear Camera, 16MP Front Camera, Android 11, Dual SIM, 5000mAh -Starry Black",148000.0,Add to cart
365000.0,"Samsung Galaxy A73 6.7 8GB RAM,256GB ROM Android 12 Dual SIM - Gray",400000.0,Add to cart
39999.0,"Nokia C1 2nd Edition, 5.45-Inch, 16gb/1gb Ram, Andr 9.0 Pie - Blue",65000.0,Add to cart
73750.0,"itel P38 Pro 6.8 Screen, 64GB ROM +2GB RAM, 13MP Camera, 6000mAh",85000.0,Add to cart
133000.0,"Samsung Galaxy Tab A 8.0 (2019, WiFi + Cellular) (32GB +2GB), 5100mAh (8MP + 2MP), 4G LTE Tablet, SM-T295- Black",160000.0,Add to cart
118000.0,"Nokia G10, 6.5 HD+ (4GB RAM, 64GB ROM) Android 11 (48/5/2/2)MP + 8MP Selfie - 4G - 5050mAh - Fingerprint- Dark Blue",140000.0,Add to cart
94245.0,"Samsung Galaxy A04s, 4GB/64GB Memory - Green",97446.0,Add to cart
75000.0,Tecno Pop 7 Pro (BF7) 6.6 3GB RAM 64GB ROM  5000mAh 13MP 5000MAH,80500.0,Add to cart
111000.0,"XIAOMI Redmi 10C, 6.53-inch 4GB RAM, 128GB ROM - 5000mAh - Gray",138000.0,Add to cart
42950.0,"itel P17 5.5 HD, 1GB/16GB 4000mAh, 5MP- Blue +Free Case",50000.0,Add to cart
163999.0,"Tecno Camon 18 Premier 6.7 FHD+, 8GB RAM + 256GB ROM 4750mAh",175000.0,Add to cart
140000.0,"Nokia G21 - 6.5 (4GB RAM, 128GB ROM) Android 11 (50/2/2)MP + 8MP Selfie - Dual Sim - 4G LTE - 5050mAh - Nordic Blue",150000.0,Add to cart
115990.0,"Infinix Hot 12 Play (X6816) 6.82, 128GB/4GB RAM(UP TO 7GB), 6000mAh",150000.0,Add to cart
290000.0,"Samsung Galaxy A32 (128GB, 6GB RAM) 6.4 FHD + 4 Rear Camera (48+8+5+2)MP,+ 20MP, 5000mAh, Dual SIM LTE - Awesome Black",300000.0,Add to cart
619300.0,"Samsung Galaxy Z Flip 4 - 6.7 (8GB RAM, 256GB ROM) Android 12  - 5G  - 3700mAh - BLUE",900000.0,Add to cart
73750.0,"itel P38 Pro 6.8 Screen, 64GB ROM + 2GB RAM, 6000mAh 18W Charge, 13MP Camera, Android 11, 4G, Fingerprint &amp; Face ID - Blue",85000.0,Add to cart
99990.0,"Tecno Camon 18i (CG6) 6.6 HD+, 4GB RAM + 128GB ROM, 48MP - Grey",130000.0,Add to cart
105000.0,"Samsung Galaxy S8 (4GB RAM,64GB ROM) 4G LTE Smartphone- Purple",123000.0,Add to cart
75990.0,Blackview A55Pro Smartphone 4/64GB  6.528' Fingerprint Unlock-White,137564.0,Add to cart
111000.0,"Infinix Hot 12 Play (X6816) 6.82 HD+, 4GB RAM(UP TO 7GB) + 64GB ROM, 6000mAh, Android 11, 13MP Camera, 4G, Fingerprint - Black",129000.0,Add to cart
155000.0,Samsung Galaxy S10  6.1 Single Sim 128gb/8gb Case &amp; Screen Guide,173000.0,Add to cart
89990.0,"Tecno POVA Neo (LE6) 6.8 HD+, 4GB RAM + 64GB ROM, 6000mAh Battery, 18W Charge, 13MP + 8MP Camera, Android 11, 4G LTE - Blue",100000.0,Add to cart
122990.0,"Tecno Spark 9 Pro (Sport Edition) 6.6 FHD+, 128GB + 4GB RAM, 50MP",150000.0,Add to cart
275000.0,Microsoft Surface Duo 6GB RAM 256GB SSD 5.6 Display Android 10,293000.0,Add to cart
114600.0,"Samsung Galaxy A04s - 6.5 (4GB RAM, 128GB ROM) Android 12 (50/2/2)MP + 5MP Selfie - 5000mAh - Dual Sim - 4G LTE - Black",135500.0,Add to cart
320000.0,Oppo Reno 8 6.43'' 8GB RAM 256GB ROM Android 12 - Dawnlight Gold,380000.0,Add to cart
109000.0,Samsung Galaxy S9 Single Sim 64gb/4gb 6.2'' Case &amp; Screen Guide,127000.0,Add to cart
207500.0,Nokia G60 5G 6.58 6GB 128GB ROM Android 12 Dual SIM - Pure Black,225000.0,Add to cart
60000.0,XIAOMI Redmi A1+  2GB RAM 32GB ROM  5000mAH - Black,75000.0,Add to cart
31500.0,"itel A18 5.0 Screen, 32GB ROM + 1GB RAM, 2400mAh-3G-BLUE",34000.0,Add to cart
135000.0,Samsung Galaxy A14 4GB RAM 128GB ROM DUAL SIM- SILVER,153000.0,Add to cart
48250.0,"itel A60 6.6, 2GB/32GB ROM, 5000mAh, 4G LTE, 8MP + 5MP Cam -Blue",50000.0,Add to cart
154990.0,"Nokia X20, 6.67 HD+ 8GB RAM + 128GB ROM Android 11 (64MP + 5MP + 2MP + 2MP) + 32PM Dual SIM - Midnight Sun/ Sand",220000.0,Add to cart
126500.0,"Nokia G21 - 6.5 (4GB RAM, 128GB ROM) Android 11 (50/2/2)MP + 8MP Selfie - Dual Sim - 4G LTE - 5050mAh - DUSK",140000.0,Add to cart
73790.0,"itel P38 Pro 6.8, 64GB ROM + 2GB RAM(Up To 4GB) 6000mAh - Black",95000.0,Add to cart
19150.0,TECLAST Leather Case And Screen Guard For Teclast M40 Pro,25550.0,Add to cart
86000.0,"Tecno Spark 8p, 6.6 FHD+, 64GB+4GB RAM, 8MP + 50MP, 5000mAh, Cyan",129000.0,Add to cart
98400.0,"Samsung Galaxy A04s - 6.5 (4GB RAM, 64GB ROM) Android 12 (50/2/2)MP + 5MP Selfie - 5000mAh - Dual Sim - 4G LTE - Green",125500.0,Add to cart
186000.0,XIAOMI Redmi Note 12 Pro Graphite Gray 8GB RAM 128GB ROM,350000.0,Add to cart
52500.0,"Tecno POP 5 32GB+2GB,6.1 HD+,4000mAh,5MP + 5MP Camera-Black",104720.0,Add to cart
182500.0,"XIAOMI Redmi Note 11s - 6.43 (8GB RAM, 128GB ROM) Android 11 (108/8/2/2)MP - 5000mAh - Graphite Gray",199000.0,Add to cart
255000.0,Samsung Galaxy S20 6.2inch 12GB / 128GB Octa-core Hybrid Zoom 5G,273000.0,Add to cart
58000.0,"XIAOMI Redmi A1+ 6.52 Inches 2GB RAM 32GB ROM,5000mAH- Black",70000.0,Add to cart
155000.0,"Samsung Galaxy S10 6.1-Inch AMOLED (8GB, 128GB ROM) Android 9.0 Pie, 12MP + 12MP + 16MP 4G Smartphone - Black",173000.0,Add to cart
155000.0,Samsung Galaxy S10 Single Sim White 8gb Ram 128gb Rom AMOLED HDR10+,173000.0,Add to cart
70500.0,Tecno Pop 7 Pro-BF7-6.64/64GBROM-5000mAh 13MPRear+5MPSelfie-Black,80000.0,Add to cart
170000.0,XIAOMI Redmi 10C 4GB 128GB/64GB 50MP Rear Camera 5000mAh,188000.0,Add to cart
54400.0,Blackview Oscal C20Pro 32GB+2GB 4G Android 11 Smartphone 6 Inch Screen 8MP+2MP Camera-Blue,108918.0,Add to cart
69990.0,"Tecno Pop 7 Pro (BF7) 6.6, 3GB/64GB(UpTo 6GB RAM), 5000mAh Type-C",90000.0,Add to cart
199990.0,"Tecno Phantom X (AC8) 6.7 FHD+, 8GB RAM + 256GB ROM, 50MP Triple Camera + 48MP Selfie, Android 11, 4700mAh, Helio G95 - Blue",268990.0,Add to cart
60000.0,"Tecno Pop7 (BF6) 6.6,2GB/64GB(UpTo 4GB RAM), 5000mAh-8/5MP- Black",62000.0,Add to cart
60950.0,"Infinix Smart 6 (X657) 6.6, 2GB RAM + 32GB ROM, 5000mAh, 3G, 8MP",70000.0,Add to cart
265000.0,"Samsung Galaxy Note 10 Plus 12GB RAM, 256GB Snapdragon 855 (7 Nm)",283000.0,Add to cart
119600.0,"Tecno Camon 19 6.8 FHD+,4GB/128GB,64MP/16MP,5000mAh -White",187200.0,Add to cart
142500.0,"XIAOMI Redmi Note 11, 4GB RAM,128GB ROM Dual SIM - Gray",195000.0,Add to cart
148690.0,"XIAOMI Poco M4 Pro, 6GB/128GB Memory - Power Black",165000.0,Add to cart
82900.0,"UMIDIGI Power 5 (4GB,128GB ROM) 6150mAh Android 11 Infrared Temperature Sensor 2.0 (16MP+8MP+5MP)+8MP 6.53FullView-SapphireBlue",129216.0,Add to cart
60000.0,XIAOMI Redmi A1+  2GB RAM 32GB ROM  5000mAH - Blue,75000.0,Add to cart
124300.0,"XIAOMI Poco M5, 6GB/128GB Memory - Black",180000.0,Add to cart
39900.0,Zealot S67 Big Battery 60W Wireless Bluetooth Zealot Best Speaker,80000.0,Add to cart
120000.0,"Samsung Galaxy S9 Plus (S9+) 6.2-Inch QHD (6GBRAM, 64GB ROM)  4G LTE  Android  9.0 Smartphone  Black",138000.0,Add to cart
67990.0,Blackview A70Pro Smartphone 32+4GB 13MP+5MP Camera  6.517' Inch Fingerprint Unlock Android 11-Black,129479.0,Add to cart
109624.0,"Samsung Galaxy A04s, 4GB/128GB Memory - Copper",129500.0,Add to cart
72990.0,"Tecno Pop 7 Pro (BF7) 6.6, 4GB RAM(Up To 7GB) + 64GB RAM, 5000mAh",90000.0,Add to cart
59990.0,"Infinix Smart 6 (X657) 6.6 HD+, 2GB RAM + 32GB ROM, 5000mAh, Android 10, 8MP Selfie + 8MP Camera, Fingerprint + Face ID - Black",70000.0,Add to cart
49990.0,"Huawei Refurbished  P Smart+2019 6.2  FHD+, 4GB + 128GB  Black",109990.0,Add to cart
137759.0,XIAOMI Redmi Note 11 Snapdragon 680  50MP Camera 4G/6G 128G,176096.0,Add to cart
54390.0,"Tecno POP 6 (BE7) 6.1 HD+, 2GB RAM + 32GB ROM, 5000mAh, 4G- Green",58000.0,Add to cart
111654.0,"Samsung Galaxy A14 - 6.6 (4GB RAM, 64GB ROM) Android 13 (50/5/2)MP + 13MP Selfie - Dual Sim - 5000mAh - Fingerprint - Face ID - Silver",128000.0,Add to cart
55060.0,"itel S18 6.6, 64GB ROM + 2GB RAM (UpTo 4GB), 5000mAh, 4G - Black",80000.0,Add to cart
31490.0,"itel A18 5.0 Screen, 32GB ROM + 1GB RAM, 2400mAh, Android 11, 3G",40000.0,Add to cart
